title,slug,keywords,angle,asins
Haltères réglables : silencieux — guide 1,halt-res-r-glables-silencieux-guide-1,"haltères réglables, silencieux, home gym",silencieux,
Haltères réglables : débutant — guide 2,halt-res-r-glables-d-butant-guide-2,"haltères réglables, débutant, home gym",débutant,
Haltères réglables : débutant — guide 3,halt-res-r-glables-d-butant-guide-3,"haltères réglables, débutant, home gym",débutant,
Haltères réglables : silencieux — guide 4,halt-res-r-glables-silencieux-guide-4,"haltères réglables, silencieux, home gym",silencieux,
Haltères réglables : budget — guide 5,halt-res-r-glables-budget-guide-5,"haltères réglables, budget, home gym",budget,
Haltères réglables : petits espaces — guide 6,halt-res-r-glables-petits-espaces-guide-6,"haltères réglables, petits espaces, home gym",petits espaces,
Haltères réglables : petits espaces — guide 7,halt-res-r-glables-petits-espaces-guide-7,"haltères réglables, petits espaces, home gym",petits espaces,
Haltères réglables : petits espaces — guide 8,halt-res-r-glables-petits-espaces-guide-8,"haltères réglables, petits espaces, home gym",petits espaces,
Haltères réglables : silencieux — guide 9,halt-res-r-glables-silencieux-guide-9,"haltères réglables, silencieux, home gym",silencieux,
Haltères réglables : débutant — guide 10,halt-res-r-glables-d-butant-guide-10,"haltères réglables, débutant, home gym",débutant,
Haltères réglables : silencieux — guide 11,halt-res-r-glables-silencieux-guide-11,"haltères réglables, silencieux, home gym",silencieux,
Haltères réglables : silencieux — guide 12,halt-res-r-glables-silencieux-guide-12,"haltères réglables, silencieux, home gym",silencieux,
Haltères réglables : qualité/prix — guide 13,halt-res-r-glables-qualit-prix-guide-13,"haltères réglables, qualité/prix, home gym",qualité/prix,
Haltères réglables : débutant — guide 14,halt-res-r-glables-d-butant-guide-14,"haltères réglables, débutant, home gym",débutant,
Haltères réglables : qualité/prix — guide 15,halt-res-r-glables-qualit-prix-guide-15,"haltères réglables, qualité/prix, home gym",qualité/prix,
Haltères réglables : lourd 40 kg — guide 16,halt-res-r-glables-lourd-40-kg-guide-16,"haltères réglables, lourd 40 kg, home gym",lourd 40 kg,
Haltères réglables : débutant — guide 17,halt-res-r-glables-d-butant-guide-17,"haltères réglables, débutant, home gym",débutant,
Haltères réglables : débutant — guide 18,halt-res-r-glables-d-butant-guide-18,"haltères réglables, débutant, home gym",débutant,
Haltères réglables : débutant — guide 19,halt-res-r-glables-d-butant-guide-19,"haltères réglables, débutant, home gym",débutant,
Haltères réglables : petits espaces — guide 20,halt-res-r-glables-petits-espaces-guide-20,"haltères réglables, petits espaces, home gym",petits espaces,
Banc de musculation : incliné — guide 1,banc-de-musculation-inclin-guide-1,"banc de musculation, incliné, home gym",incliné,
Banc de musculation : entry-level — guide 2,banc-de-musculation-entry-level-guide-2,"banc de musculation, entry-level, home gym",entry-level,
Banc de musculation : entry-level — guide 3,banc-de-musculation-entry-level-guide-3,"banc de musculation, entry-level, home gym",entry-level,
Banc de musculation : pliable — guide 4,banc-de-musculation-pliable-guide-4,"banc de musculation, pliable, home gym",pliable,
Banc de musculation : entry-level — guide 5,banc-de-musculation-entry-level-guide-5,"banc de musculation, entry-level, home gym",entry-level,
Banc de musculation : incliné — guide 6,banc-de-musculation-inclin-guide-6,"banc de musculation, incliné, home gym",incliné,
Banc de musculation : premium — guide 7,banc-de-musculation-premium-guide-7,"banc de musculation, premium, home gym",premium,
Banc de musculation : premium — guide 8,banc-de-musculation-premium-guide-8,"banc de musculation, premium, home gym",premium,
Banc de musculation : premium — guide 9,banc-de-musculation-premium-guide-9,"banc de musculation, premium, home gym",premium,
Banc de musculation : entry-level — guide 10,banc-de-musculation-entry-level-guide-10,"banc de musculation, entry-level, home gym",entry-level,
Banc de musculation : compact — guide 11,banc-de-musculation-compact-guide-11,"banc de musculation, compact, home gym",compact,
Banc de musculation : incliné — guide 12,banc-de-musculation-inclin-guide-12,"banc de musculation, incliné, home gym",incliné,
Banc de musculation : compact — guide 13,banc-de-musculation-compact-guide-13,"banc de musculation, compact, home gym",compact,
Banc de musculation : entry-level — guide 14,banc-de-musculation-entry-level-guide-14,"banc de musculation, entry-level, home gym",entry-level,
Banc de musculation : lourd — guide 15,banc-de-musculation-lourd-guide-15,"banc de musculation, lourd, home gym",lourd,
Banc de musculation : pliable — guide 16,banc-de-musculation-pliable-guide-16,"banc de musculation, pliable, home gym",pliable,
Banc de musculation : incliné — guide 17,banc-de-musculation-inclin-guide-17,"banc de musculation, incliné, home gym",incliné,
Banc de musculation : premium — guide 18,banc-de-musculation-premium-guide-18,"banc de musculation, premium, home gym",premium,
Banc de musculation : compact — guide 19,banc-de-musculation-compact-guide-19,"banc de musculation, compact, home gym",compact,
Banc de musculation : lourd — guide 20,banc-de-musculation-lourd-guide-20,"banc de musculation, lourd, home gym",lourd,
Barre de traction : plafond — guide 1,barre-de-traction-plafond-guide-1,"barre de traction, plafond, home gym",plafond,
Barre de traction : murale — guide 2,barre-de-traction-murale-guide-2,"barre de traction, murale, home gym",murale,
Barre de traction : murale — guide 3,barre-de-traction-murale-guide-3,"barre de traction, murale, home gym",murale,
Barre de traction : plafond — guide 4,barre-de-traction-plafond-guide-4,"barre de traction, plafond, home gym",plafond,
Barre de traction : porte — guide 5,barre-de-traction-porte-guide-5,"barre de traction, porte, home gym",porte,
Barre de traction : porte — guide 6,barre-de-traction-porte-guide-6,"barre de traction, porte, home gym",porte,
Barre de traction : sans percer — guide 7,barre-de-traction-sans-percer-guide-7,"barre de traction, sans percer, home gym",sans percer,
Barre de traction : porte — guide 8,barre-de-traction-porte-guide-8,"barre de traction, porte, home gym",porte,
Barre de traction : plafond — guide 9,barre-de-traction-plafond-guide-9,"barre de traction, plafond, home gym",plafond,
Barre de traction : plafond — guide 10,barre-de-traction-plafond-guide-10,"barre de traction, plafond, home gym",plafond,
Barre de traction : avec dips — guide 11,barre-de-traction-avec-dips-guide-11,"barre de traction, avec dips, home gym",avec dips,
Barre de traction : plafond — guide 12,barre-de-traction-plafond-guide-12,"barre de traction, plafond, home gym",plafond,
Barre de traction : porte — guide 13,barre-de-traction-porte-guide-13,"barre de traction, porte, home gym",porte,
Barre de traction : extérieure — guide 14,barre-de-traction-ext-rieure-guide-14,"barre de traction, extérieure, home gym",extérieure,
Barre de traction : sans percer — guide 15,barre-de-traction-sans-percer-guide-15,"barre de traction, sans percer, home gym",sans percer,
Barre de traction : avec dips — guide 16,barre-de-traction-avec-dips-guide-16,"barre de traction, avec dips, home gym",avec dips,
Barre de traction : porte — guide 17,barre-de-traction-porte-guide-17,"barre de traction, porte, home gym",porte,
Barre de traction : sans percer — guide 18,barre-de-traction-sans-percer-guide-18,"barre de traction, sans percer, home gym",sans percer,
Barre de traction : porte — guide 19,barre-de-traction-porte-guide-19,"barre de traction, porte, home gym",porte,
Barre de traction : avec dips — guide 20,barre-de-traction-avec-dips-guide-20,"barre de traction, avec dips, home gym",avec dips,
Kettlebells : compétition — guide 1,kettlebells-comp-tition-guide-1,"kettlebells, compétition, home gym",compétition,
Kettlebells : budget — guide 2,kettlebells-budget-guide-2,"kettlebells, budget, home gym",budget,
Kettlebells : prise en main — guide 3,kettlebells-prise-en-main-guide-3,"kettlebells, prise en main, home gym",prise en main,
Kettlebells : compétition — guide 4,kettlebells-comp-tition-guide-4,"kettlebells, compétition, home gym",compétition,
Kettlebells : prise en main — guide 5,kettlebells-prise-en-main-guide-5,"kettlebells, prise en main, home gym",prise en main,
Kettlebells : double 16 kg — guide 6,kettlebells-double-16-kg-guide-6,"kettlebells, double 16 kg, home gym",double 16 kg,
Kettlebells : budget — guide 7,kettlebells-budget-guide-7,"kettlebells, budget, home gym",budget,
Kettlebells : débutant 8–12 kg — guide 8,kettlebells-d-butant-8-12-kg-guide-8,"kettlebells, débutant 8–12 kg, home gym",débutant 8–12 kg,
Kettlebells : débutant 8–12 kg — guide 9,kettlebells-d-butant-8-12-kg-guide-9,"kettlebells, débutant 8–12 kg, home gym",débutant 8–12 kg,
Kettlebells : budget — guide 10,kettlebells-budget-guide-10,"kettlebells, budget, home gym",budget,
Kettlebells : double 16 kg — guide 11,kettlebells-double-16-kg-guide-11,"kettlebells, double 16 kg, home gym",double 16 kg,
Kettlebells : compétition — guide 12,kettlebells-comp-tition-guide-12,"kettlebells, compétition, home gym",compétition,
Kettlebells : débutant 8–12 kg — guide 13,kettlebells-d-butant-8-12-kg-guide-13,"kettlebells, débutant 8–12 kg, home gym",débutant 8–12 kg,
Kettlebells : double 16 kg — guide 14,kettlebells-double-16-kg-guide-14,"kettlebells, double 16 kg, home gym",double 16 kg,
Kettlebells : débutant 8–12 kg — guide 15,kettlebells-d-butant-8-12-kg-guide-15,"kettlebells, débutant 8–12 kg, home gym",débutant 8–12 kg,
Kettlebells : fonte vs revêtement — guide 16,kettlebells-fonte-vs-rev-tement-guide-16,"kettlebells, fonte vs revêtement, home gym",fonte vs revêtement,
Kettlebells : compétition — guide 17,kettlebells-comp-tition-guide-17,"kettlebells, compétition, home gym",compétition,
Kettlebells : fonte vs revêtement — guide 18,kettlebells-fonte-vs-rev-tement-guide-18,"kettlebells, fonte vs revêtement, home gym",fonte vs revêtement,
Kettlebells : budget — guide 19,kettlebells-budget-guide-19,"kettlebells, budget, home gym",budget,
Kettlebells : compétition — guide 20,kettlebells-comp-tition-guide-20,"kettlebells, compétition, home gym",compétition,
Élastiques de musculation : rééducation — guide 1,lastiques-de-musculation-r-ducation-guide-1,"élastiques de musculation, rééducation, home gym",rééducation,
Élastiques de musculation : set complet — guide 2,lastiques-de-musculation-set-complet-guide-2,"élastiques de musculation, set complet, home gym",set complet,
Élastiques de musculation : set complet — guide 3,lastiques-de-musculation-set-complet-guide-3,"élastiques de musculation, set complet, home gym",set complet,
Élastiques de musculation : rééducation — guide 4,lastiques-de-musculation-r-ducation-guide-4,"élastiques de musculation, rééducation, home gym",rééducation,
Élastiques de musculation : home gym — guide 5,lastiques-de-musculation-home-gym-guide-5,"élastiques de musculation, home gym, home gym",home gym,
Élastiques de musculation : set complet — guide 6,lastiques-de-musculation-set-complet-guide-6,"élastiques de musculation, set complet, home gym",set complet,
Élastiques de musculation : home gym — guide 7,lastiques-de-musculation-home-gym-guide-7,"élastiques de musculation, home gym, home gym",home gym,
Élastiques de musculation : home gym — guide 8,lastiques-de-musculation-home-gym-guide-8,"élastiques de musculation, home gym, home gym",home gym,
Élastiques de musculation : home gym — guide 9,lastiques-de-musculation-home-gym-guide-9,"élastiques de musculation, home gym, home gym",home gym,
Élastiques de musculation : force — guide 10,lastiques-de-musculation-force-guide-10,"élastiques de musculation, force, home gym",force,
Élastiques de musculation : door anchor — guide 11,lastiques-de-musculation-door-anchor-guide-11,"élastiques de musculation, door anchor, home gym",door anchor,
Élastiques de musculation : home gym — guide 12,lastiques-de-musculation-home-gym-guide-12,"élastiques de musculation, home gym, home gym",home gym,
Élastiques de musculation : rééducation — guide 13,lastiques-de-musculation-r-ducation-guide-13,"élastiques de musculation, rééducation, home gym",rééducation,
Élastiques de musculation : door anchor — guide 14,lastiques-de-musculation-door-anchor-guide-14,"élastiques de musculation, door anchor, home gym",door anchor,
Élastiques de musculation : home gym — guide 15,lastiques-de-musculation-home-gym-guide-15,"élastiques de musculation, home gym, home gym",home gym,
Élastiques de musculation : rééducation — guide 16,lastiques-de-musculation-r-ducation-guide-16,"élastiques de musculation, rééducation, home gym",rééducation,
Élastiques de musculation : rééducation — guide 17,lastiques-de-musculation-r-ducation-guide-17,"élastiques de musculation, rééducation, home gym",rééducation,
Élastiques de musculation : poignées — guide 18,lastiques-de-musculation-poign-es-guide-18,"élastiques de musculation, poignées, home gym",poignées,
Élastiques de musculation : poignées — guide 19,lastiques-de-musculation-poign-es-guide-19,"élastiques de musculation, poignées, home gym",poignées,
Élastiques de musculation : set complet — guide 20,lastiques-de-musculation-set-complet-guide-20,"élastiques de musculation, set complet, home gym",set complet,
Tapis de sol : budget — guide 1,tapis-de-sol-budget-guide-1,"tapis de sol, budget, home gym",budget,
Tapis de sol : budget — guide 2,tapis-de-sol-budget-guide-2,"tapis de sol, budget, home gym",budget,
Tapis de sol : pliable — guide 3,tapis-de-sol-pliable-guide-3,"tapis de sol, pliable, home gym",pliable,
Tapis de sol : protection parquet — guide 4,tapis-de-sol-protection-parquet-guide-4,"tapis de sol, protection parquet, home gym",protection parquet,
Tapis de sol : budget — guide 5,tapis-de-sol-budget-guide-5,"tapis de sol, budget, home gym",budget,
Tapis de sol : épais — guide 6,tapis-de-sol-pais-guide-6,"tapis de sol, épais, home gym",épais,
Tapis de sol : anti‑bruit — guide 7,tapis-de-sol-anti-bruit-guide-7,"tapis de sol, anti‑bruit, home gym",anti‑bruit,
Tapis de sol : protection parquet — guide 8,tapis-de-sol-protection-parquet-guide-8,"tapis de sol, protection parquet, home gym",protection parquet,
Tapis de sol : anti‑bruit — guide 9,tapis-de-sol-anti-bruit-guide-9,"tapis de sol, anti‑bruit, home gym",anti‑bruit,
Tapis de sol : épais — guide 10,tapis-de-sol-pais-guide-10,"tapis de sol, épais, home gym",épais,
Tapis de sol : puzzle — guide 11,tapis-de-sol-puzzle-guide-11,"tapis de sol, puzzle, home gym",puzzle,
Tapis de sol : épais — guide 12,tapis-de-sol-pais-guide-12,"tapis de sol, épais, home gym",épais,
Tapis de sol : anti‑bruit — guide 13,tapis-de-sol-anti-bruit-guide-13,"tapis de sol, anti‑bruit, home gym",anti‑bruit,
Tapis de sol : protection parquet — guide 14,tapis-de-sol-protection-parquet-guide-14,"tapis de sol, protection parquet, home gym",protection parquet,
Tapis de sol : pliable — guide 15,tapis-de-sol-pliable-guide-15,"tapis de sol, pliable, home gym",pliable,
Tapis de sol : budget — guide 16,tapis-de-sol-budget-guide-16,"tapis de sol, budget, home gym",budget,
Tapis de sol : épais — guide 17,tapis-de-sol-pais-guide-17,"tapis de sol, épais, home gym",épais,
Tapis de sol : protection parquet — guide 18,tapis-de-sol-protection-parquet-guide-18,"tapis de sol, protection parquet, home gym",protection parquet,
Tapis de sol : budget — guide 19,tapis-de-sol-budget-guide-19,"tapis de sol, budget, home gym",budget,
Tapis de sol : puzzle — guide 20,tapis-de-sol-puzzle-guide-20,"tapis de sol, puzzle, home gym",puzzle,
Rangements : gain de place — guide 1,rangements-gain-de-place-guide-1,"rangements, gain de place, home gym",gain de place,
Rangements : DIY — guide 2,rangements-diy-guide-2,"rangements, DIY, home gym",DIY,
Rangements : gain de place — guide 3,rangements-gain-de-place-guide-3,"rangements, gain de place, home gym",gain de place,
Rangements : support disques — guide 4,rangements-support-disques-guide-4,"rangements, support disques, home gym",support disques,
Rangements : crochets muraux — guide 5,rangements-crochets-muraux-guide-5,"rangements, crochets muraux, home gym",crochets muraux,
Rangements : support disques — guide 6,rangements-support-disques-guide-6,"rangements, support disques, home gym",support disques,
Rangements : support disques — guide 7,rangements-support-disques-guide-7,"rangements, support disques, home gym",support disques,
Rangements : DIY — guide 8,rangements-diy-guide-8,"rangements, DIY, home gym",DIY,
Rangements : sécurité — guide 9,rangements-s-curit-guide-9,"rangements, sécurité, home gym",sécurité,
Rangements : sécurité — guide 10,rangements-s-curit-guide-10,"rangements, sécurité, home gym",sécurité,
Rangements : crochets muraux — guide 11,rangements-crochets-muraux-guide-11,"rangements, crochets muraux, home gym",crochets muraux,
Rangements : DIY — guide 12,rangements-diy-guide-12,"rangements, DIY, home gym",DIY,
Rangements : sécurité — guide 13,rangements-s-curit-guide-13,"rangements, sécurité, home gym",sécurité,
Rangements : gain de place — guide 14,rangements-gain-de-place-guide-14,"rangements, gain de place, home gym",gain de place,
Rangements : sécurité — guide 15,rangements-s-curit-guide-15,"rangements, sécurité, home gym",sécurité,
Rangements : gain de place — guide 16,rangements-gain-de-place-guide-16,"rangements, gain de place, home gym",gain de place,
Rangements : crochets muraux — guide 17,rangements-crochets-muraux-guide-17,"rangements, crochets muraux, home gym",crochets muraux,
Rangements : support disques — guide 18,rangements-support-disques-guide-18,"rangements, support disques, home gym",support disques,
Rangements : support disques — guide 19,rangements-support-disques-guide-19,"rangements, support disques, home gym",support disques,
Rangements : sécurité — guide 20,rangements-s-curit-guide-20,"rangements, sécurité, home gym",sécurité,
Programmes d'entraînement : débutant — guide 1,programmes-dentra-nement-d-butant-guide-1,"programmes d'entraînement, débutant, home gym",débutant,
Programmes d'entraînement : full body 3j — guide 2,programmes-dentra-nement-full-body-3j-guide-2,"programmes d'entraînement, full body 3j, home gym",full body 3j,
Programmes d'entraînement : full body 3j — guide 3,programmes-dentra-nement-full-body-3j-guide-3,"programmes d'entraînement, full body 3j, home gym",full body 3j,
Programmes d'entraînement : full body 3j — guide 4,programmes-dentra-nement-full-body-3j-guide-4,"programmes d'entraînement, full body 3j, home gym",full body 3j,
Programmes d'entraînement : push/pull/legs — guide 5,programmes-dentra-nement-push-pull-legs-guide-5,"programmes d'entraînement, push/pull/legs, home gym",push/pull/legs,
Programmes d'entraînement : prise de masse — guide 6,programmes-dentra-nement-prise-de-masse-guide-6,"programmes d'entraînement, prise de masse, home gym",prise de masse,
Programmes d'entraînement : push/pull/legs — guide 7,programmes-dentra-nement-push-pull-legs-guide-7,"programmes d'entraînement, push/pull/legs, home gym",push/pull/legs,
Programmes d'entraînement : prise de masse — guide 8,programmes-dentra-nement-prise-de-masse-guide-8,"programmes d'entraînement, prise de masse, home gym",prise de masse,
Programmes d'entraînement : débutant — guide 9,programmes-dentra-nement-d-butant-guide-9,"programmes d'entraînement, débutant, home gym",débutant,
Programmes d'entraînement : reprise — guide 10,programmes-dentra-nement-reprise-guide-10,"programmes d'entraînement, reprise, home gym",reprise,
Programmes d'entraînement : full body 3j — guide 11,programmes-dentra-nement-full-body-3j-guide-11,"programmes d'entraînement, full body 3j, home gym",full body 3j,
Programmes d'entraînement : débutant — guide 12,programmes-dentra-nement-d-butant-guide-12,"programmes d'entraînement, débutant, home gym",débutant,
Programmes d'entraînement : débutant — guide 13,programmes-dentra-nement-d-butant-guide-13,"programmes d'entraînement, débutant, home gym",débutant,
Programmes d'entraînement : reprise — guide 14,programmes-dentra-nement-reprise-guide-14,"programmes d'entraînement, reprise, home gym",reprise,
Programmes d'entraînement : débutant — guide 15,programmes-dentra-nement-d-butant-guide-15,"programmes d'entraînement, débutant, home gym",débutant,
Programmes d'entraînement : reprise — guide 16,programmes-dentra-nement-reprise-guide-16,"programmes d'entraînement, reprise, home gym",reprise,
Programmes d'entraînement : haut/bas — guide 17,programmes-dentra-nement-haut-bas-guide-17,"programmes d'entraînement, haut/bas, home gym",haut/bas,
Programmes d'entraînement : reprise — guide 18,programmes-dentra-nement-reprise-guide-18,"programmes d'entraînement, reprise, home gym",reprise,
Programmes d'entraînement : full body 3j — guide 19,programmes-dentra-nement-full-body-3j-guide-19,"programmes d'entraînement, full body 3j, home gym",full body 3j,
Programmes d'entraînement : prise de masse — guide 20,programmes-dentra-nement-prise-de-masse-guide-20,"programmes d'entraînement, prise de masse, home gym",prise de masse,
Exercices : soulevé de terre roumain — guide 1,exercices-soulev-de-terre-roumain-guide-1,"exercices, soulevé de terre roumain, home gym",soulevé de terre roumain,
Exercices : tractions — guide 2,exercices-tractions-guide-2,"exercices, tractions, home gym",tractions,
Exercices : soulevé de terre roumain — guide 3,exercices-soulev-de-terre-roumain-guide-3,"exercices, soulevé de terre roumain, home gym",soulevé de terre roumain,
Exercices : fentes — guide 4,exercices-fentes-guide-4,"exercices, fentes, home gym",fentes,
Exercices : développé haltères — guide 5,exercices-d-velopp-halt-res-guide-5,"exercices, développé haltères, home gym",développé haltères,
Exercices : soulevé de terre roumain — guide 6,exercices-soulev-de-terre-roumain-guide-6,"exercices, soulevé de terre roumain, home gym",soulevé de terre roumain,
Exercices : développé haltères — guide 7,exercices-d-velopp-halt-res-guide-7,"exercices, développé haltères, home gym",développé haltères,
Exercices : tractions — guide 8,exercices-tractions-guide-8,"exercices, tractions, home gym",tractions,
Exercices : développé haltères — guide 9,exercices-d-velopp-halt-res-guide-9,"exercices, développé haltères, home gym",développé haltères,
Exercices : rowing — guide 10,exercices-rowing-guide-10,"exercices, rowing, home gym",rowing,
Exercices : dips — guide 11,exercices-dips-guide-11,"exercices, dips, home gym",dips,
Exercices : rowing — guide 12,exercices-rowing-guide-12,"exercices, rowing, home gym",rowing,
Exercices : tractions — guide 13,exercices-tractions-guide-13,"exercices, tractions, home gym",tractions,
Exercices : soulevé de terre roumain — guide 14,exercices-soulev-de-terre-roumain-guide-14,"exercices, soulevé de terre roumain, home gym",soulevé de terre roumain,
Exercices : soulevé de terre roumain — guide 15,exercices-soulev-de-terre-roumain-guide-15,"exercices, soulevé de terre roumain, home gym",soulevé de terre roumain,
Exercices : développé haltères — guide 16,exercices-d-velopp-halt-res-guide-16,"exercices, développé haltères, home gym",développé haltères,
Exercices : fentes — guide 17,exercices-fentes-guide-17,"exercices, fentes, home gym",fentes,
Exercices : dips — guide 18,exercices-dips-guide-18,"exercices, dips, home gym",dips,
Exercices : fentes — guide 19,exercices-fentes-guide-19,"exercices, fentes, home gym",fentes,
Exercices : tractions — guide 20,exercices-tractions-guide-20,"exercices, tractions, home gym",tractions,
Sécurité & technique : deload — guide 1,s-curit-and-technique-deload-guide-1,"sécurité & technique, deload, home gym",deload,
Sécurité & technique : respiration — guide 2,s-curit-and-technique-respiration-guide-2,"sécurité & technique, respiration, home gym",respiration,
Sécurité & technique : deload — guide 3,s-curit-and-technique-deload-guide-3,"sécurité & technique, deload, home gym",deload,
Sécurité & technique : amplitude — guide 4,s-curit-and-technique-amplitude-guide-4,"sécurité & technique, amplitude, home gym",amplitude,
Sécurité & technique : amplitude — guide 5,s-curit-and-technique-amplitude-guide-5,"sécurité & technique, amplitude, home gym",amplitude,
Sécurité & technique : progression charges — guide 6,s-curit-and-technique-progression-charges-guide-6,"sécurité & technique, progression charges, home gym",progression charges,
Sécurité & technique : progression charges — guide 7,s-curit-and-technique-progression-charges-guide-7,"sécurité & technique, progression charges, home gym",progression charges,
Sécurité & technique : respiration — guide 8,s-curit-and-technique-respiration-guide-8,"sécurité & technique, respiration, home gym",respiration,
Sécurité & technique : progression charges — guide 9,s-curit-and-technique-progression-charges-guide-9,"sécurité & technique, progression charges, home gym",progression charges,
Sécurité & technique : amplitude — guide 10,s-curit-and-technique-amplitude-guide-10,"sécurité & technique, amplitude, home gym",amplitude,
Sécurité & technique : amplitude — guide 11,s-curit-and-technique-amplitude-guide-11,"sécurité & technique, amplitude, home gym",amplitude,
Sécurité & technique : échauffement — guide 12,s-curit-and-technique-chauffement-guide-12,"sécurité & technique, échauffement, home gym",échauffement,
Sécurité & technique : amplitude — guide 13,s-curit-and-technique-amplitude-guide-13,"sécurité & technique, amplitude, home gym",amplitude,
Sécurité & technique : respiration — guide 14,s-curit-and-technique-respiration-guide-14,"sécurité & technique, respiration, home gym",respiration,
Sécurité & technique : tempo — guide 15,s-curit-and-technique-tempo-guide-15,"sécurité & technique, tempo, home gym",tempo,
Sécurité & technique : échauffement — guide 16,s-curit-and-technique-chauffement-guide-16,"sécurité & technique, échauffement, home gym",échauffement,
Sécurité & technique : échauffement — guide 17,s-curit-and-technique-chauffement-guide-17,"sécurité & technique, échauffement, home gym",échauffement,
Sécurité & technique : respiration — guide 18,s-curit-and-technique-respiration-guide-18,"sécurité & technique, respiration, home gym",respiration,
Sécurité & technique : respiration — guide 19,s-curit-and-technique-respiration-guide-19,"sécurité & technique, respiration, home gym",respiration,
Sécurité & technique : progression charges — guide 20,s-curit-and-technique-progression-charges-guide-20,"sécurité & technique, progression charges, home gym",progression charges,
Comment choisir le poids de départ en haltères ?,comment-choisir-le-poids-de-d-part-en-halt-res,"home gym, conseils",conseils pratiques,
Banc pliable vs banc fixe : que prendre pour un studio ?,banc-pliable-vs-banc-fixe-que-prendre-pour-un-studio,"home gym, conseils",conseils pratiques,
Barre de traction sans percer : ça tient vraiment ?,barre-de-traction-sans-percer-a-tient-vraiment,"home gym, conseils",conseils pratiques,
Kettlebell : 12 kg ou 16 kg pour débuter ?,kettlebell-12-kg-ou-16-kg-pour-d-buter,"home gym, conseils",conseils pratiques,
Élastiques vs haltères : que choisir ?,lastiques-vs-halt-res-que-choisir,"home gym, conseils",conseils pratiques,
Tapis puzzle : quelle épaisseur pour protéger le parquet ?,tapis-puzzle-quelle-paisseur-pour-prot-ger-le-parquet,"home gym, conseils",conseils pratiques,
Support disques vertical vs horizontal : lequel est le plus stable ?,support-disques-vertical-vs-horizontal-lequel-est-le-plus-stable,"home gym, conseils",conseils pratiques,
Programme full body 3 jours : exemple simple,programme-full-body-3-jours-exemple-simple,"home gym, conseils",conseils pratiques,
Progresser aux tractions quand on est bloqué à 3 reps,progresser-aux-tractions-quand-on-est-bloqu-3-reps,"home gym, conseils",conseils pratiques,
Dips à la maison : alternatives sans station,dips-la-maison-alternatives-sans-station,"home gym, conseils",conseils pratiques,
Développé haltères incliné : angle idéal du banc,d-velopp-halt-res-inclin-angle-id-al-du-banc,"home gym, conseils",conseils pratiques,
Rowing unilatéral : éviter les douleurs lombaires,rowing-unilat-ral-viter-les-douleurs-lombaires,"home gym, conseils",conseils pratiques,
Fentes : avant ou bulgares pour la prise de masse ?,fentes-avant-ou-bulgares-pour-la-prise-de-masse,"home gym, conseils",conseils pratiques,
Soulevé de terre roumain : prise mixte ou straps ?,soulev-de-terre-roumain-prise-mixte-ou-straps,"home gym, conseils",conseils pratiques,
Échauffement rapide en 7 minutes pour home gym,chauffement-rapide-en-7-minutes-pour-home-gym,"home gym, conseils",conseils pratiques,
Respiration Valsalva : utile ou risqué ?,respiration-valsalva-utile-ou-risqu,"home gym, conseils",conseils pratiques,
Tempo 3‑1‑1 : pourquoi ralentir l'excentrique ?,tempo-3-1-1-pourquoi-ralentir-lexcentrique,"home gym, conseils",conseils pratiques,
Amplitude complète : quand la réduire ?,amplitude-compl-te-quand-la-r-duire,"home gym, conseils",conseils pratiques,
Deload : quand et comment le faire ?,deload-quand-et-comment-le-faire,"home gym, conseils",conseils pratiques,
Home gym dans 6 m² : plan type,home-gym-dans-6-m-plan-type,"home gym, conseils",conseils pratiques,
Optimiser un budget de 300 € pour s'équiper,optimiser-un-budget-de-300-pour-s-quiper,"home gym, conseils",conseils pratiques,
Entretenir ses haltères : rouille et lubrification,entretenir-ses-halt-res-rouille-et-lubrification,"home gym, conseils",conseils pratiques,
Silence : comment réduire le bruit des entraînements,silence-comment-r-duire-le-bruit-des-entra-nements,"home gym, conseils",conseils pratiques,
Sécurité : cales et tapis anti‑dérapants indispensables ?,s-curit-cales-et-tapis-anti-d-rapants-indispensables,"home gym, conseils",conseils pratiques,
Check‑list achat d’occasion : bancs et racks,check-list-achat-doccasion-bancs-et-racks,"home gym, conseils",conseils pratiques,
Guide rapides d'accessoires indispensables,guide-rapides-daccessoires-indispensables,"home gym, conseils",conseils pratiques,
Quelles sangles de tirage choisir ?,quelles-sangles-de-tirage-choisir,"home gym, conseils",conseils pratiques,
Quels colliers de barre sont fiables ?,quels-colliers-de-barre-sont-fiables,"home gym, conseils",conseils pratiques,
Quelles poignées pour élastiques sont confortables ?,quelles-poign-es-pour-lastiques-sont-confortables,"home gym, conseils",conseils pratiques,
Comment ranger un home gym sans perdre de place ?,comment-ranger-un-home-gym-sans-perdre-de-place,"home gym, conseils",conseils pratiques,
Plan Push/Pull/Legs simple pour débutant,plan-push-pull-legs-simple-pour-d-butant,"home gym, conseils",conseils pratiques,
Haut/Bas 4 jours : exemple,haut-bas-4-jours-exemple,"home gym, conseils",conseils pratiques,
Séance pecs‑biceps rapide (45 min),s-ance-pecs-biceps-rapide-45-min,"home gym, conseils",conseils pratiques,
Séance dos‑triceps efficace (45 min),s-ance-dos-triceps-efficace-45-min,"home gym, conseils",conseils pratiques,
Séance jambes maison sans rack,s-ance-jambes-maison-sans-rack,"home gym, conseils",conseils pratiques,
Séance abdos‑gainage minimaliste,s-ance-abdos-gainage-minimaliste,"home gym, conseils",conseils pratiques,
Cycle de progression linéaire 8 semaines,cycle-de-progression-lin-aire-8-semaines,"home gym, conseils",conseils pratiques,
Mesurer ses progrès sans balance,mesurer-ses-progr-s-sans-balance,"home gym, conseils",conseils pratiques,
Prévenir les blessures d’épaule aux haltères,pr-venir-les-blessures-d-paule-aux-halt-res,"home gym, conseils",conseils pratiques,
Optimiser la récupération : sommeil et mobilité,optimiser-la-r-cup-ration-sommeil-et-mobilit,"home gym, conseils",conseils pratiques,
